id,name,surname,age,address,contact_phone,contact_email
1,Marko,Jovanovic,34,Bulevar Kralja Aleksandra 142,0601234567,marko.jovanovic@gmail.com
2,Jelena,Petrovic,28,Nemanjina 4,0612345678,jelena.petrovic@yahoo.com
3,Nemanja,Stankovic,45,Knez Mihailova 12,0629876543,nemanja.stankovic@hotmail.com
4,Milica,Djordjevic,31,Vojvode Stepe 89,0631112233,milica.djordjevic@gmail.com
5,Stefan,Ilic,39,Gavrila Principa 22,0644445556,stefan.ilic@outlook.com
6,Ana,Markovic,28,Resavska 17,0652223344,ana.markovic@gmail.com
7,Luka,Pavlovic,34,Takovska 33,0663334455,luka.pavlovic@yahoo.com
8,Petar,Nikolic,31,Balkanska 9,0674445566,petar.nikolic@outlook.com
9,Nikola,Zivkovic,45,Karadjordjeva 55,0685556677,nikola.zivkovic@gmail.com
10,Marija,Milosevic,39,Obilicev venac 10,0696667788,marija.milosevic@hotmail.com
11,Tamara,Kostic,28,Strahinjica Bana 15,0607778899,tamara.kostic@yahoo.com
12,Ivan,Simic,34,Cika Ljubina 3,0618889900,ivan.simic@gmail.com
